﻿{
  "Points": [
    //{      "Value": "Cryptid34",      "Weight": 5    },
    //{      "Value": "Cryptid35",      "Weight": 10    },
    //{      "Value": "Cryptid36",      "Weight": 10    },
    //{      "Value": "Cryptid37",      "Weight": 10    },
    //{      "Value": "Cryptid38",      "Weight": 10    },
    //{      "Value": "Cryptid39",      "Weight": 10    },
    //{      "Value": "Cryptid40",      "Weight": 10    },
    //{      "Value": "Cryptid41",      "Weight": 10    },
    //{      "Value": "Cryptid42",      "Weight": 10    },
    //{      "Value": "Cryptid43",      "Weight": 20    },
    //{      "Value": "Cryptid44",      "Weight": 10    },
    //{      "Value": "Cryptid45",      "Weight": 5    },
    //{      "Value": "Cryptid46",      "Weight": 10    },
    //{      "Value": "Cryptid47",      "Weight": 2    },
    //{      "Value": "Cryptid48",      "Weight": 2    },
    //{      "Value": "Cryptid49",      "Weight": 10    },
    //{      "Value": "Cryptid50",      "Weight": 10    },
    //{      "Value": "Cryptid51",      "Weight": 10    },
    //{      "Value": "Cryptid52",      "Weight": 10    },
    //{      "Value": "Cryptid53",      "Weight": 10    },
    //{      "Value": "Cryptid54",      "Weight": 10    },
    //{      "Value": "Cryptid55",      "Weight": 10    },
    //{      "Value": "Cryptid56",      "Weight": 10    },
    //{      "Value": "Cryptid57",      "Weight": 10    },
    //{      "Value": "Cryptid58",      "Weight": 10    },
    //{      "Value": "Cryptid59",      "Weight": 10    },
    //{      "Value": "Cryptid60",      "Weight": 20    },
    //{      "Value": "Cryptid61",      "Weight": 5    },
    //{      "Value": "Cryptid62",      "Weight": 20    },
    //{      "Value": "Cryptid63",      "Weight": 10    },
    //{      "Value": "Cryptid64",      "Weight": 1    },
    //{      "Value": "Cryptid65",      "Weight": 10    },
    //{      "Value": "Cryptid66",      "Weight": 2    },
    //{      "Value": "Cryptid68",      "Weight": 10    },
    //{      "Value": "Cryptid69",      "Weight": 10    },
    //{      "Value": "Cryptid70",      "Weight": 10    },
    //{      "Value": "Cryptid71",      "Weight": 10    },
    //{      "Value": "Cryptid72",      "Weight": 10    },
    //{      "Value": "Cryptid73",      "Weight": 10    },
    //{      "Value": "Cryptid74",      "Weight": 10    },
    //{      "Value": "Cryptid75",      "Weight": 10    },
    //{      "Value": "Cryptid76",      "Weight": 10    },
    //{      "Value": "Cryptid77",      "Weight": 10    },
    //{      "Value": "Cryptid78",      "Weight": 10    },
    //{      "Value": "Cryptid79",      "Weight": 5    },
    //{      "Value": "Cryptid80",      "Weight": 1    },
    //{      "Value": "Cryptid81",      "Weight": 10    },
    //{      "Value": "Cryptid82",      "Weight": 5    },
    //{      "Value": "Cryptid83",      "Weight": 10    },
    //{      "Value": "Cryptid84",      "Weight": 10    },
    //{      "Value": "Cryptid85",      "Weight": 20    },
    //{      "Value": "Cryptid86",      "Weight": 10    },
    //{      "Value": "Cryptid87",      "Weight": 10    },
    //{      "Value": "Cryptid88",      "Weight": 10    },
    //{      "Value": "Cryptid89",      "Weight": 1    },
    //{      "Value": "Cryptid90",      "Weight": 5    },
    //{      "Value": "Cryptid91",      "Weight": 10    },
    //{      "Value": "Cryptid92",      "Weight": 10    },
    //{      "Value": "Cryptid93",      "Weight": 10    },
    //{      "Value": "Cryptid94",      "Weight": 30    },
    //{      "Value": "Cryptid95",      "Weight": 30    },
    //{      "Value": "Cryptid96",      "Weight": 10    },
    //{      "Value": "Cryptid97",      "Weight": 10    },
    //{      "Value": "Cryptid98",      "Weight": 10    },
    //{      "Value": "Cryptid99",      "Weight": 10    }
  ]
}